model,rmse
linear_regression,22.141032890417613
ridge,22.14102946372645
lasso,22.213842735785867
random_forest,17.61632440346538
gradient_boosting,17.712520243871428
